<?xml version="1.0" encoding="UTF-8"?>
<metadata xml:lang="en"><Esri><CreaDate>20191028</CreaDate><CreaTime>13302000</CreaTime><ArcGISFormat>1.0</ArcGISFormat><SyncOnce>TRUE</SyncOnce><DataProperties><lineage><Process Name="Join Field Budova FC_AmfiteaterObec" ToolSource="C:\Program Files (x86)\ArcGIS\Desktop10.0\ArcToolbox\Toolboxes\Data Management Tools.tbx\JoinField" Date="20120506" Time="232935">JoinField \\GKUHQAPV205\map_doc_i_tz\pilot_db_export\PILOT_DB_FINAL.gdb\TopoDataset\ihrisko ZBGIS_ID C:\Users\admin_eskn_76\Documents\ArcGIS\Default.gdb\FC_Obec_SpatialJoin ZBGIS_ID ZBGIS_ID_1</Process><Process Name="Calculate Field" ToolSource="C:\Program Files (x86)\ArcGIS\Desktop10.0\ArcToolbox\Toolboxes\Data Management Tools.tbx\CalculateField" Date="20120506" Time="232939">CalculateField \\GKUHQAPV205\map_doc_i_tz\pilot_db_export\PILOT_DB_FINAL.gdb\TopoDataset\ihrisko ID_OBCE [ZBGIS_ID_1] VB #</Process><Process Name="Join Field Budova FC_AmfiteaterObec" ToolSource="C:\Program Files (x86)\ArcGIS\Desktop10.0\ArcToolbox\Toolboxes\Data Management Tools.tbx\JoinField" Date="20120507" Time="114601">JoinField \\GKUHQAPV205\map_doc_i_tz\pilot_db_export\PILOT_DB_FINAL.gdb\TopoDataset\ihrisko ZBGIS_ID C:\Users\admin_eskn_76\Documents\ArcGIS\Default.gdb\FC_Obec_SpatialJoin ZBGIS_ID ZBGIS_ID_1</Process><Process Name="Calculate Field" ToolSource="C:\Program Files (x86)\ArcGIS\Desktop10.0\ArcToolbox\Toolboxes\Data Management Tools.tbx\CalculateField" Date="20120507" Time="114611">CalculateField \\GKUHQAPV205\map_doc_i_tz\pilot_db_export\PILOT_DB_FINAL.gdb\TopoDataset\ihrisko ID_OBCE [ZBGIS_ID_1] VB #</Process></lineage></DataProperties></Esri></metadata>
