<?xml version="1.0" encoding="UTF-8"?>
<metadata xml:lang="en"><Esri><CreaDate>20191028</CreaDate><CreaTime>13311800</CreaTime><ArcGISFormat>1.0</ArcGISFormat><SyncOnce>TRUE</SyncOnce><DataProperties><lineage><Process Name="Join Field Budova FC_AmfiteaterObec" ToolSource="C:\Program Files (x86)\ArcGIS\Desktop10.0\ArcToolbox\Toolboxes\Data Management Tools.tbx\JoinField" Date="20120506" Time="233046">JoinField \\GKUHQAPV205\map_doc_i_tz\pilot_db_export\PILOT_DB_FINAL.gdb\TopoDataset\parkovisko ZBGIS_ID C:\Users\admin_eskn_76\Documents\ArcGIS\Default.gdb\FC_Obec_SpatialJoin ZBGIS_ID ZBGIS_ID_1</Process><Process Name="Calculate Field" ToolSource="C:\Program Files (x86)\ArcGIS\Desktop10.0\ArcToolbox\Toolboxes\Data Management Tools.tbx\CalculateField" Date="20120506" Time="233051">CalculateField \\GKUHQAPV205\map_doc_i_tz\pilot_db_export\PILOT_DB_FINAL.gdb\TopoDataset\parkovisko ID_OBCE [ZBGIS_ID_1] VB #</Process><Process Name="Join Field Budova FC_AmfiteaterObec" ToolSource="C:\Program Files (x86)\ArcGIS\Desktop10.0\ArcToolbox\Toolboxes\Data Management Tools.tbx\JoinField" Date="20120507" Time="114744">JoinField \\GKUHQAPV205\map_doc_i_tz\pilot_db_export\PILOT_DB_FINAL.gdb\TopoDataset\parkovisko ZBGIS_ID C:\Users\admin_eskn_76\Documents\ArcGIS\Default.gdb\FC_Obec_SpatialJoin ZBGIS_ID ZBGIS_ID_1</Process><Process Name="Calculate Field" ToolSource="C:\Program Files (x86)\ArcGIS\Desktop10.0\ArcToolbox\Toolboxes\Data Management Tools.tbx\CalculateField" Date="20120507" Time="114756">CalculateField \\GKUHQAPV205\map_doc_i_tz\pilot_db_export\PILOT_DB_FINAL.gdb\TopoDataset\parkovisko ID_OBCE [ZBGIS_ID_1] VB #</Process></lineage></DataProperties></Esri></metadata>
